Comamonas146_T5_1	/work/river/AKIRA/input_files/Comamonas146_T5_1		/work/river/AKIRA/bacterial_genomes/assemblies/Comamonas_acidovorans_146.fasta
Duganella44_T7_1	/work/river/AKIRA/input_files/Duganella44_T7_1		/work/river/AKIRA/bacterial_genomes/assemblies/Duganella_sp_44.fasta
Janthinobacterium503_T9_1	/work/river/AKIRA/input_files/Janthinobacterium503_T9_1		/work/river/AKIRA/bacterial_genomes/assemblies/Janthinobacterium_503.fasta
Janthinobacterium503_T9_2	/work/river/AKIRA/input_files/Janthinobacterium503_T9_2		/work/river/AKIRA/bacterial_genomes/assemblies/Janthinobacterium_503.fasta
Pseudomonas508_T9_1	/work/river/AKIRA/input_files/Pseudomonas508_T9_1		/work/river/AKIRA/bacterial_genomes/assemblies/Pseudomonas_E_fluorescens_508.fasta
Pseudomonas72_T9_1	/work/river/AKIRA/input_files/Pseudomonas72_T9_1		/work/river/AKIRA/bacterial_genomes/assemblies/Pseudomonas_E_haemolytica_72.fasta
Pseudomonas72_T9_31	/work/river/AKIRA/input_files/Pseudomonas72_T9_31		/work/river/AKIRA/bacterial_genomes/assemblies/Pseudomonas_E_haemolytica_72.fasta
Pseudomonas72_T9_32	/work/river/AKIRA/input_files/Pseudomonas72_T9_32		/work/river/AKIRA/bacterial_genomes/assemblies/Pseudomonas_E_haemolytica_72.fasta
Pseudomonas72_T9_41	/work/river/AKIRA/input_files/Pseudomonas72_T9_41		/work/river/AKIRA/bacterial_genomes/assemblies/Pseudomonas_E_haemolytica_72.fasta
Pseudomonas72_T9_42	/work/river/AKIRA/input_files/Pseudomonas72_T9_42		/work/river/AKIRA/bacterial_genomes/assemblies/Pseudomonas_E_haemolytica_72.fasta
Brevumdimonas307_T9_21	/work/river/AKIRA/input_files/Brevumdimonas307_T9_21		/work/river/AKIRA/bacterial_genomes/assemblies/Brevundimonas_vesicularis_307.fasta
Brevumdimonas307_T9_22	/work/river/AKIRA/input_files/Brevumdimonas307_T9_22		/work/river/AKIRA/bacterial_genomes/assemblies/Brevundimonas_vesicularis_307.fasta
Flavobacterium147_T9_21	/work/river/AKIRA/input_files/Flavobacterium147_T9_21		/work/river/AKIRA/bacterial_genomes/assemblies/Flavobacterium_sp_147.fasta
Flavobacterium147_T9_22	/work/river/AKIRA/input_files/Flavobacterium147_T9_22		/work/river/AKIRA/bacterial_genomes/assemblies/Flavobacterium_sp_147.fasta
Flavobacterium147_T9_22_A1_200826	/work/river/AKIRA/input_files/Flavobacterium147_T9_22_A1_200826		/work/river/AKIRA/bacterial_genomes/assemblies/Flavobacterium_sp_147.fasta
Flavobacterium147_T9_22_A2_200826	/work/river/AKIRA/input_files/Flavobacterium147_T9_22_A2_200826		/work/river/AKIRA/bacterial_genomes/assemblies/Flavobacterium_sp_147.fasta
Flavobacterium147_T9_22_B1_200826	/work/river/AKIRA/input_failed/Flavobacterium147_T9_22_B1_200826		/work/river/AKIRA/bacterial_genomes/assemblies/Flavobacterium_sp_147.fasta
Flavobacterium147_T9_22_B2_200826	/work/river/AKIRA/input_files/Flavobacterium147_T9_22_B2_200826		/work/river/AKIRA/bacterial_genomes/assemblies/Flavobacterium_sp_147.fasta
Flavobacterium147_T9_22_B3_200826	/work/river/AKIRA/input_files/Flavobacterium147_T9_22_B3_200826		/work/river/AKIRA/bacterial_genomes/assemblies/Flavobacterium_sp_147.fasta
Janthinobacterium57_T7_1	/work/river/AKIRA/input_files/Janthinobacterium57_T7_1		/work/river/AKIRA/bacterial_genomes/assemblies/Janthinobacterium_svalbardensis_57.fasta
Massilia343_T5_1	/work/river/AKIRA/input_files/Massilia343_T5_1		/work/river/AKIRA/bacterial_genomes/assemblies/Massilia_aurea_343.fasta
Massilia343_T5_2_200826	/work/river/AKIRA/input_files/Massilia343_T5_2_200826		/work/river/AKIRA/bacterial_genomes/assemblies/Massilia_aurea_343.fasta
Massilia343_T5_3_200826	/work/river/AKIRA/input_files/Massilia343_T5_3_200826		/work/river/AKIRA/bacterial_genomes/assemblies/Massilia_aurea_343.fasta
Massilia343_T5_4	/work/river/AKIRA/input_files/Massilia343_T5_4		/work/river/AKIRA/bacterial_genomes/assemblies/Massilia_aurea_343.fasta
Massilia343_T7_1	/work/river/AKIRA/input_files/Massilia343_T7_1		/work/river/AKIRA/bacterial_genomes/assemblies/Massilia_aurea_343.fasta
Pfluorescens529_T7_5	/work/river/AKIRA/input_failed/Pfluorescens529_T7_5		/work/river/AKIRA/bacterial_genomes/assemblies/Pseudomonas_fluorescens_529.fasta
Pfluoresens529_T7_6_TruSeq		/work/river/AKIRA/input_failed/Pfluoresens529_T7_6_TruSeq	/work/river/AKIRA/bacterial_genomes/assemblies/Pseudomonas_fluorescens_529.fasta
Pseudomonas427_T1_1	/work/river/AKIRA/input_files/Pseudomonas427_T1_1		/work/river/AKIRA/bacterial_genomes/assemblies/Pseudomonas_marginalis_427.fasta
Pseudomonas427_T7_1	/work/river/AKIRA/input_files/Pseudomonas427_T7_1		/work/river/AKIRA/bacterial_genomes/assemblies/Pseudomonas_marginalis_427.fasta
Pseudomonas427_T7_1_200826	/work/river/AKIRA/input_failed/Pseudomonas427_T7_1_200826		/work/river/AKIRA/bacterial_genomes/assemblies/Pseudomonas_marginalis_427.fasta
Pseudomonas427_T7_2_200826	/work/river/AKIRA/input_failed/Pseudomonas427_T7_2_200826		/work/river/AKIRA/bacterial_genomes/assemblies/Pseudomonas_marginalis_427.fasta
Pseudomonas427_T7_3_200826	/work/river/AKIRA/input_failed/Pseudomonas427_T7_3_200826		/work/river/AKIRA/bacterial_genomes/assemblies/Pseudomonas_marginalis_427.fasta
Pseudomonas427_T7_4_200826	/work/river/AKIRA/input_failed/Pseudomonas427_T7_4_200826		/work/river/AKIRA/bacterial_genomes/assemblies/Pseudomonas_marginalis_427.fasta
Pseudomonas529_T5_1	/work/river/AKIRA/input_files/Pseudomonas529_T5_1		/work/river/AKIRA/bacterial_genomes/assemblies/Pseudomonas_fluorescens_529.fasta
Rahnella311_T0_1	/work/river/AKIRA/input_files/Rahnella311_T0_1		/work/river/AKIRA/bacterial_genomes/assemblies/Rahnella_inusitata_311.fasta
Rahnella311_T1_1	/work/river/AKIRA/input_files/Rahnella311_T1_1		/work/river/AKIRA/bacterial_genomes/assemblies/Rahnella_inusitata_311.fasta
Rahnella311_T1_2	/work/river/AKIRA/input_files/Rahnella311_T1_2		/work/river/AKIRA/bacterial_genomes/assemblies/Rahnella_inusitata_311.fasta
Rahnella311_T1_3	/work/river/AKIRA/input_files/Rahnella311_T1_3		/work/river/AKIRA/bacterial_genomes/assemblies/Rahnella_inusitata_311.fasta
Rahnella311_T1_4	/work/river/AKIRA/input_files/Rahnella311_T1_4		/work/river/AKIRA/bacterial_genomes/assemblies/Rahnella_inusitata_311.fasta
Rahnella311_T1_5	/work/river/AKIRA/input_files/Rahnella311_T1_5		/work/river/AKIRA/bacterial_genomes/assemblies/Rahnella_inusitata_311.fasta
Rahnella311_T5_1	/work/river/AKIRA/input_files/Rahnella311_T5_1		/work/river/AKIRA/bacterial_genomes/assemblies/Rahnella_inusitata_311.fasta
Rahnella311_T5_10	/work/river/AKIRA/input_files/Rahnella311_T5_10		/work/river/AKIRA/bacterial_genomes/assemblies/Rahnella_inusitata_311.fasta
Rahnella311_T5_2	/work/river/AKIRA/input_files/Rahnella311_T5_2		/work/river/AKIRA/bacterial_genomes/assemblies/Rahnella_inusitata_311.fasta
Rahnella311_T5_3	/work/river/AKIRA/input_files/Rahnella311_T5_3		/work/river/AKIRA/bacterial_genomes/assemblies/Rahnella_inusitata_311.fasta
Rahnella311_T5_4	/work/river/AKIRA/input_files/Rahnella311_T5_4		/work/river/AKIRA/bacterial_genomes/assemblies/Rahnella_inusitata_311.fasta
Rahnella311_T5_5	/work/river/AKIRA/input_files/Rahnella311_T5_5		/work/river/AKIRA/bacterial_genomes/assemblies/Rahnella_inusitata_311.fasta
Rahnella311_T5_6	/work/river/AKIRA/input_files/Rahnella311_T5_6		/work/river/AKIRA/bacterial_genomes/assemblies/Rahnella_inusitata_311.fasta
Rahnella311_T5_7	/work/river/AKIRA/input_files/Rahnella311_T5_7		/work/river/AKIRA/bacterial_genomes/assemblies/Rahnella_inusitata_311.fasta
Rahnella311_T5_7_A1_200826	/work/river/AKIRA/input_files/Rahnella311_T5_7_A1_200826		/work/river/AKIRA/bacterial_genomes/assemblies/Rahnella_inusitata_311.fasta
Rahnella311_T5_7_A2_200826	/work/river/AKIRA/input_files/Rahnella311_T5_7_A2_200826		/work/river/AKIRA/bacterial_genomes/assemblies/Rahnella_inusitata_311.fasta
Rahnella311_T5_7_B1_200826	/work/river/AKIRA/input_files/Rahnella311_T5_7_B1_200826		/work/river/AKIRA/bacterial_genomes/assemblies/Rahnella_inusitata_311.fasta
Rahnella311_T5_7_B2_200826	/work/river/AKIRA/input_files/Rahnella311_T5_7_B2_200826		/work/river/AKIRA/bacterial_genomes/assemblies/Rahnella_inusitata_311.fasta
Rahnella311_T5_7_TruSeq		/work/river/AKIRA/input_failed/Rahnella311_T5_7_TruSeq	/work/river/AKIRA/bacterial_genomes/assemblies/Rahnella_inusitata_311.fasta
Rahnella311_T5_8_200826	/work/river/AKIRA/input_files/Rahnella311_T5_8_200826		/work/river/AKIRA/bacterial_genomes/assemblies/Rahnella_inusitata_311.fasta
Rahnella311_T5_9	/work/river/AKIRA/input_files/Rahnella311_T5_9		/work/river/AKIRA/bacterial_genomes/assemblies/Rahnella_inusitata_311.fasta
Rahnella311_T7_1	/work/river/AKIRA/input_files/Rahnella311_T7_1		/work/river/AKIRA/bacterial_genomes/assemblies/Rahnella_inusitata_311.fasta
Rahnella311_T7_1_TruSeq		/work/river/AKIRA/input_failed/Rahnella311_T7_1_TruSeq	/work/river/AKIRA/bacterial_genomes/assemblies/Rahnella_inusitata_311.fasta
Rahnella311_T7_2	/work/river/AKIRA/input_files/Rahnella311_T7_2		/work/river/AKIRA/bacterial_genomes/assemblies/Rahnella_inusitata_311.fasta
Rahnella311_T7_3	/work/river/AKIRA/input_files/Rahnella311_T7_3		/work/river/AKIRA/bacterial_genomes/assemblies/Rahnella_inusitata_311.fasta
Rhodoferax534_T9_11	/work/river/AKIRA/input_files/Rhodoferax534_T9_11		/work/river/AKIRA/bacterial_genomes/assemblies/Rhodoferax_saidenbachdensis_534.fasta
Rhodoferax534_T9_12	/work/river/AKIRA/input_files/Rhodoferax534_T9_12		/work/river/AKIRA/bacterial_genomes/assemblies/Rhodoferax_saidenbachdensis_534.fasta
Rhodoferax534_T9_21	/work/river/AKIRA/input_files/Rhodoferax534_T9_21		/work/river/AKIRA/bacterial_genomes/assemblies/Rhodoferax_saidenbachdensis_534.fasta